[
	{
		"name":"Pluto",
		"age":3,
		"weight":12,
		"type":"Dog",
		"likes":"eating, playing with ball",
		"gender": "Male",
		"favorite_pet": [
		  "Dogs"
		]
	},
	{
		"name": "tommy",
		"age": "5",
		"weight": "10",
		"type": "Dog",
		"likes": "sea food",
		"gender": "Male",
		"favorite_pet": [
		  "Dogs"
		]
	  },
	{
		"name":"Hulk",
		"age":4,
		"weight":22,
		"type":"Dog",
		"likes":"Biting, eating flesh",
		"gender": "Male",
		"favorite_pet": [
		  "Dogs"
		]
	},
	{
		"name":"Jerry",
		"age":2.5,
		"weight":8,
		"type":"Rat",
		"likes":"sleeping",
		"gender": "Male",
		"favorite_pet": [
		  "Cats,Rats"
		]
	},
	{
		"name": "kju",
		"age": "3",
		"weight": "12",
		"type": "Cat",
		"likes": "gf",
		"gender": "Male",
		"favorite_pet": [
		  "Cats",
		  "Rats"
		]
	  },
	{
		"name":"Tom",
		"age":0.5,
		"weight":0.7,
		"type":"Cat",
		"likes":"running, eating cheese",
		"gender": "Male",
		"favorite_pet": [
		  "Cats"
		]
	},
	{
		"name":"Chikuna",
		"age":1,
		"weight":1.2,
		"type":"Bird",
		"likes":"flying",
		"gender": "Male",
		"favorite_pet": [
		  "Dogs,Birds"
		]
	}
]